{"cameraMode":{"drawMode":0,"name":"Shaded","section":"Shading Mode"},"sceneLighting":false,"audioPlay":false,"sceneViewState":{"m_AlwaysRefresh":false,"showFog":true,"showSkybox":false,"showFlares":true,"showImageEffects":true,"showParticleSystems":true,"showVisualEffectGraphs":true,"m_FxEnabled":true},"in2DMode":false,"pivot":{"x":0.0876583456993103,"y":0.3076877295970917,"z":0.14391648769378663},"rotation":{"x":-0.33993491530418398,"y":0.4811304807662964,"z":-0.2096104472875595,"w":-0.7804461717605591},"size":0.9616644382476807,"orthographic":false}