{"cameraMode":{"drawMode":0,"name":"Shaded","section":"Shading Mode"},"sceneLighting":false,"audioPlay":false,"sceneViewState":{"m_AlwaysRefresh":false,"showFog":true,"showSkybox":false,"showFlares":true,"showImageEffects":true,"showParticleSystems":true,"showVisualEffectGraphs":true,"m_FxEnabled":true},"in2DMode":false,"pivot":{"x":-0.2608482837677002,"y":0.31115812063217165,"z":-0.01369619369506836},"rotation":{"x":0.06912767887115479,"y":0.9280625581741333,"z":-0.21858231723308564,"w":0.2935030162334442},"size":1.3209279775619507,"orthographic":false}