{"cameraMode":{"drawMode":0,"name":"Shaded","section":"Shading Mode"},"sceneLighting":false,"audioPlay":false,"sceneViewState":{"m_AlwaysRefresh":false,"showFog":true,"showSkybox":false,"showFlares":true,"showImageEffects":true,"showParticleSystems":true,"showVisualEffectGraphs":true,"m_FxEnabled":true},"in2DMode":false,"pivot":{"x":-0.0003845393657684326,"y":0.09759847819805145,"z":0.0004524737596511841},"rotation":{"x":0.06912767887115479,"y":0.9280625581741333,"z":-0.21858231723308564,"w":0.2935030162334442},"size":0.16160841286182404,"orthographic":false}