{"cameraMode":{"drawMode":0,"name":"Shaded","section":"Shading Mode"},"sceneLighting":false,"audioPlay":false,"sceneViewState":{"m_AlwaysRefresh":false,"showFog":true,"showSkybox":false,"showFlares":true,"showImageEffects":true,"showParticleSystems":true,"showVisualEffectGraphs":true,"m_FxEnabled":true},"in2DMode":false,"pivot":{"x":0.03947359323501587,"y":0.5574359893798828,"z":0.011028647422790528},"rotation":{"x":0.06912767887115479,"y":0.9280625581741333,"z":-0.21858231723308564,"w":0.2935030162334442},"size":0.9066330790519714,"orthographic":false}