{"cameraMode":{"drawMode":0,"name":"Shaded","section":"Shading Mode"},"sceneLighting":false,"audioPlay":false,"sceneViewState":{"m_AlwaysRefresh":false,"showFog":true,"showSkybox":false,"showFlares":true,"showImageEffects":true,"showParticleSystems":true,"showVisualEffectGraphs":true,"m_FxEnabled":true},"in2DMode":false,"pivot":{"x":-0.003984183073043823,"y":0.23171104490756989,"z":-0.0059119462966918949},"rotation":{"x":-0.005176395643502474,"y":-0.9924057722091675,"z":0.11444125324487686,"w":-0.044895123690366748},"size":0.4902578592300415,"orthographic":false}